Question,Answer,Tag
What types of abstract art collections are available at Vivid Walls?,"Vivid Walls offers a diverse range of abstract art collections, including Geometric Intersection, Geometric Symmetry, Chromatic Echoes, Shape Emergence, Fractal Color, Mosaics, Vivid Layers, and Intersecting Spaces.","Abstract art, Collections"
Can I customize the size of an artwork?,"Yes, we offer customization options for artwork sizes to fit your specific space requirements. Please contact our support team for more details.","Customization, Sizing"
What materials are used in your artworks?,Our artworks are created using high-quality canvases and premium inks to ensure vibrant colors and longevity.,"Materials, Quality"
Do you offer framing options?,"Yes, we provide various framing options, including different colors and styles, to complement your chosen artwork.","Framing, Customization"
What is the price range of your artworks?,"Our artworks start from $400 USD, with prices varying based on size and framing options.","Pricing, Products"
How can I place an order?,You can place an order directly through our website by selecting your desired artwork and following the checkout process.,"Ordering, Online purchase"
What payment methods do you accept?,"We accept various payment methods, including American Express, Apple Pay, Diners Club, Discover, Meta Pay, Google Pay, Mastercard, PayPal, Shop Pay, Venmo, and Visa.","Payment, Transactions"
Do you ship internationally?,"Yes, we offer international shipping to various countries. Shipping costs and delivery times may vary based on location.","Shipping, International"
How long does delivery take?,"Delivery times vary depending on your location and the chosen shipping method. Typically, orders are processed within 5-7 business days.","Shipping, Delivery times"
Is there a shipping policy I can review?,"Yes, you can review our detailed shipping policy on our website under the 'Shipping Policy' section.","Shipping, Policies"
Can I track my order?,"Yes, once your order is shipped, you will receive a tracking number via email to monitor your shipment.","Shipping, Order tracking"
What if my artwork arrives damaged?,"If your artwork arrives damaged, please contact our customer service within 7 days of delivery for assistance with a replacement or refund.","Customer service, Returns"
Do you offer returns or exchanges?,"Yes, we have a return and exchange policy. Please refer to our 'Refund Policy' on the website for detailed information.","Returns, Exchanges"
Can I request a custom artwork?,"Yes, we accept custom artwork requests. Please reach out to our artist through the 'Contact' page to discuss your vision.","Customization, Commission"
Who is the artist behind Vivid Walls?,Our artworks are created by a talented artist dedicated to producing unique abstract pieces. More information is available on the 'Artist' page.,"Artist, About Us"
What is the inspiration behind the artworks?,"Our pieces are inspired by geometric abstraction, color theory, and emotional expression, blending modern design with timeless artistic principles.","Inspiration, Abstract art"
Do you offer bulk pricing for businesses?,"Yes, we offer special pricing for bulk purchases. Please contact us for wholesale inquiries.","Wholesale, Business"
What types of businesses benefit from Vivid Walls art?,"Our artworks are ideal for offices, restaurants, hotels, and residential spaces looking to enhance their ambiance with high-quality abstract pieces.","Office decor, Hospitality, Home decoration"
How do I choose the right artwork for my space?,"Consider your spaceâ€™s color palette, lighting, and intended atmosphere. We also offer consultation services to help you select the perfect piece.","Interior design, Art selection"
Can I get a digital preview before purchasing?,"Yes, we offer digital previews to help visualize how an artwork will look in your space. Contact us for details.","Preview, Customization"
Are your artworks limited editions?,"Yes, many of our pieces are available as limited edition prints, ensuring exclusivity for our customers.","Limited edition, Products"
What mediums are used in your artworks?,"Our artist primarily works with acrylics and digital media, producing vibrant and lasting pieces.","Mediums, Materials"
How should I care for my artwork?,"To maintain your artwork's quality, avoid direct sunlight, dust it regularly with a soft cloth, and keep it away from moisture.","Artwork care, Maintenance"
Do you collaborate with interior designers?,"Yes, we welcome collaborations with interior designers to provide art solutions tailored to specific projects.","Collaboration, Interior design"
Can I see the artwork in person before purchasing?,"Currently, we operate exclusively online, but we provide high-resolution images and detailed descriptions to assist your decision.","Online gallery, Viewing"
What sizes are available for your artworks?,"Our artworks come in various sizes, and we also offer custom sizing to fit your specific needs.","Sizing, Customization"
Do you offer gift cards?,"Yes, we offer gift cards in various denominations, perfect for gifting art to others.","Gift cards, Products"
Is there a newsletter I can subscribe to?,"Yes, you can subscribe to our newsletter on our website to receive updates on new collections and exclusive offers.","Newsletter, Updates"
How can I contact customer support?,You can reach our customer support through the 'Contact' page on our website or by emailing support@vividwalls.co.,"Customer support, Contact"
Do you offer installation services?,"While we don't provide installation services, we include hanging hardware and instructions with each artwork.","Installation, Support"
Are there any ongoing promotions?,We periodically offer promotions and discounts. Subscribe to our newsletter or follow us on social media for updates.,"Promotions, Discounts"
Can I purchase a digital copy of an artwork?,"Currently, we only offer physical prints and ",