source_type,title,content,tags,metadata
qa,What types of abstract art collections are available at Vivid Walls?,"Q: What types of abstract art collections are available at Vivid Walls?
A: Vivid Walls offers a diverse range of abstract art collections, including Geometric Intersection, Geometric Symmetry, Chromatic Echoes, Shape Emergence, Fractal Color, Mosaics, Vivid Layers, and Intersecting Spaces.","Abstract art, Collections","{""type"": ""qa"", ""index"": 0}"
qa,Can I customize the size of an artwork?,"Q: Can I customize the size of an artwork?
A: Yes, we offer customization options for artwork sizes to fit your specific space requirements. Please contact our support team for more details.","Customization, Sizing","{""type"": ""qa"", ""index"": 1}"
qa,What materials are used in your artworks?,"Q: What materials are used in your artworks?
A: Our artworks are created using high-quality canvases and premium inks to ensure vibrant colors and longevity.","Materials, Quality","{""type"": ""qa"", ""index"": 2}"
qa,Do you offer framing options?,"Q: Do you offer framing options?
A: Yes, we provide various framing options, including different colors and styles, to complement your chosen artwork.","Framing, Customization","{""type"": ""qa"", ""index"": 3}"
qa,What is the price range of your artworks?,"Q: What is the price range of your artworks?
A: Our artworks start from $400 USD, with prices varying based on size and framing options.","Pricing, Products","{""type"": ""qa"", ""index"": 4}"
qa,How can I place an order?,"Q: How can I place an order?
A: You can place an order directly through our website by selecting your desired artwork and following the checkout process.","Ordering, Online purchase","{""type"": ""qa"", ""index"": 5}"
qa,What payment methods do you accept?,"Q: What payment methods do you accept?
A: We accept various payment methods, including American Express, Apple Pay, Diners Club, Discover, Meta Pay, Google Pay, Mastercard, PayPal, Shop Pay, Venmo, and Visa.","Payment, Transactions","{""type"": ""qa"", ""index"": 6}"
qa,Do you ship internationally?,"Q: Do you ship internationally?
A: Yes, we offer international shipping to various countries. Shipping costs and delivery times may vary based on location.","Shipping, International","{""type"": ""qa"", ""index"": 7}"
qa,How long does delivery take?,"Q: How long does delivery take?
A: Delivery times vary depending on your location and the chosen shipping method. Typically, orders are processed within 5-7 business days.","Shipping, Delivery times","{""type"": ""qa"", ""index"": 8}"
qa,Is there a shipping policy I can review?,"Q: Is there a shipping policy I can review?
A: Yes, you can review our detailed shipping policy on our website under the 'Shipping Policy' section.","Shipping, Policies","{""type"": ""qa"", ""index"": 9}"
qa,Can I track my order?,"Q: Can I track my order?
A: Yes, once your order is shipped, you will receive a tracking number via email to monitor your shipment.","Shipping, Order tracking","{""type"": ""qa"", ""index"": 10}"
qa,What if my artwork arrives damaged?,"Q: What if my artwork arrives damaged?
A: If your artwork arrives damaged, please contact our customer service within 7 days of delivery for assistance with a replacement or refund.","Customer service, Returns","{""type"": ""qa"", ""index"": 11}"
qa,Do you offer returns or exchanges?,"Q: Do you offer returns or exchanges?
A: Yes, we have a return and exchange policy. Please refer to our 'Refund Policy' on the website for detailed information.","Returns, Exchanges","{""type"": ""qa"", ""index"": 12}"
qa,Can I request a custom artwork?,"Q: Can I request a custom artwork?
A: Yes, we accept custom artwork requests. Please reach out to our artist through the 'Contact' page to discuss your vision.","Customization, Commission","{""type"": ""qa"", ""index"": 13}"
qa,Who is the artist behind Vivid Walls?,"Q: Who is the artist behind Vivid Walls?
A: Our artworks are created by a talented artist dedicated to producing unique abstract pieces. More information is available on the 'Artist' page.","Artist, About Us","{""type"": ""qa"", ""index"": 14}"
qa,What is the inspiration behind the artworks?,"Q: What is the inspiration behind the artworks?
A: Our pieces are inspired by geometric abstraction, color theory, and emotional expression, blending modern design with timeless artistic principles.","Inspiration, Abstract art","{""type"": ""qa"", ""index"": 15}"
qa,Do you offer bulk pricing for businesses?,"Q: Do you offer bulk pricing for businesses?
A: Yes, we offer special pricing for bulk purchases. Please contact us for wholesale inquiries.","Wholesale, Business","{""type"": ""qa"", ""index"": 16}"
qa,What types of businesses benefit from Vivid Walls art?,"Q: What types of businesses benefit from Vivid Walls art?
A: Our artworks are ideal for offices, restaurants, hotels, and residential spaces looking to enhance their ambiance with high-quality abstract pieces.","Office decor, Hospitality, Home decoration","{""type"": ""qa"", ""index"": 17}"
qa,How do I choose the right artwork for my space?,"Q: How do I choose the right artwork for my space?
A: Consider your space’s color palette, lighting, and intended atmosphere. We also offer consultation services to help you select the perfect piece.","Interior design, Art selection","{""type"": ""qa"", ""index"": 18}"
qa,Can I get a digital preview before purchasing?,"Q: Can I get a digital preview before purchasing?
A: Yes, we offer digital previews to help visualize how an artwork will look in your space. Contact us for details.","Preview, Customization","{""type"": ""qa"", ""index"": 19}"
qa,Are your artworks limited editions?,"Q: Are your artworks limited editions?
A: Yes, many of our pieces are available as limited edition prints, ensuring exclusivity for our customers.","Limited edition, Products","{""type"": ""qa"", ""index"": 20}"
qa,What mediums are used in your artworks?,"Q: What mediums are used in your artworks?
A: Our artist primarily works with acrylics and digital media, producing vibrant and lasting pieces.","Mediums, Materials","{""type"": ""qa"", ""index"": 21}"
qa,How should I care for my artwork?,"Q: How should I care for my artwork?
A: To maintain your artwork's quality, avoid direct sunlight, dust it regularly with a soft cloth, and keep it away from moisture.","Artwork care, Maintenance","{""type"": ""qa"", ""index"": 22}"
qa,Do you collaborate with interior designers?,"Q: Do you collaborate with interior designers?
A: Yes, we welcome collaborations with interior designers to provide art solutions tailored to specific projects.","Collaboration, Interior design","{""type"": ""qa"", ""index"": 23}"
qa,Can I see the artwork in person before purchasing?,"Q: Can I see the artwork in person before purchasing?
A: Currently, we operate exclusively online, but we provide high-resolution images and detailed descriptions to assist your decision.","Online gallery, Viewing","{""type"": ""qa"", ""index"": 24}"
qa,What sizes are available for your artworks?,"Q: What sizes are available for your artworks?
A: Our artworks come in various sizes, and we also offer custom sizing to fit your specific needs.","Sizing, Customization","{""type"": ""qa"", ""index"": 25}"
qa,Do you offer gift cards?,"Q: Do you offer gift cards?
A: Yes, we offer gift cards in various denominations, perfect for gifting art to others.","Gift cards, Products","{""type"": ""qa"", ""index"": 26}"
qa,Is there a newsletter I can subscribe to?,"Q: Is there a newsletter I can subscribe to?
A: Yes, you can subscribe to our newsletter on our website to receive updates on new collections and exclusive offers.","Newsletter, Updates","{""type"": ""qa"", ""index"": 27}"
qa,How can I contact customer support?,"Q: How can I contact customer support?
A: You can reach our customer support through the 'Contact' page on our website or by emailing support@vividwalls.co.","Customer support, Contact","{""type"": ""qa"", ""index"": 28}"
qa,Do you offer installation services?,"Q: Do you offer installation services?
A: While we don't provide installation services, we include hanging hardware and instructions with each artwork.","Installation, Support","{""type"": ""qa"", ""index"": 29}"
qa,Are there any ongoing promotions?,"Q: Are there any ongoing promotions?
A: We periodically offer promotions and discounts. Subscribe to our newsletter or follow us on social media for updates.","Promotions, Discounts","{""type"": ""qa"", ""index"": 30}"
qa,Can I purchase a digital copy of an artwork?,"Q: Can I purchase a digital copy of an artwork?
A: Currently, we only offer physical prints and ",,"{""type"": ""qa"", ""index"": 31}"
product,Intersecting Perspectives No3,"Product: Intersecting Perspectives No3
Type: Artwork
Category: Posters, Prints, & Visual Artwork
Description: Intersecting Perspectives No3from the Geometric Intersect collection showcases a sophisticated geometric abstract composition featuring intersecting lines and perspective shifts that create a complex visual narrative. This artwork demonstrates how linear elements can intersect to generate new spatial relationships and dimensional illusions that challenge conventional perspective. The carefully orchestrated intersections create points of convergence and divergence that guide the viewer's eye through a maze of geometric relationships, each offering a different viewpoint on the same fundamental structure. The interplay between foreground and background elements generates depth and movement, while the strategic use of color helps differentiate between various perspective planes.
Tags: Intersecting Perspectives
Available in 6 variants",Intersecting Perspectives,"{""type"": ""product"", ""variant_count"": 6, ""has_images"": true}"
product,Intersecting Perspectives No2,"Product: Intersecting Perspectives No2
Type: Artwork
Category: Posters, Prints, & Visual Artwork
Description: Intersecting Perspectives No2from the Geometric Intersect collection presents a bold geometric composition featuring dynamic intersecting forms that create compelling visual dialogues between different dimensional perspectives. This artwork explores the fascinating interplay that occurs when geometric shapes meet, overlap, and influence each other's visual presence. The intersecting elements generate new forms and negative spaces that weren't present in the individual components, demonstrating how geometric interaction can create emergent complexity. The composition employs strategic color placement and angular relationships to guide the viewer's eye through multiple visual pathways, each offering a different perspective on the same geometric relationships.
Tags: Intersecting Perspectives
Available in 6 variants",Intersecting Perspectives,"{""type"": ""product"", ""variant_count"": 6, ""has_images"": true}"
product,Intersecting Perspectives No1,"Product: Intersecting Perspectives No1
Type: Artwork
Category: Posters, Prints, & Visual Artwork
Description: Intersecting Perspectives No.1 from the Resonating Structure collection is a compelling display of the artist's ability to invoke depth through minimalistic design. This piece strikes a commanding presence, its bold monochromatic shapes creating a stark interplay of contrast and negative space. Here, the artist employs a palette of black, white, and greys to sculpt the illusion of volume and space. The composition is both geometrically rigorous and intriguingly imprecise, suggesting a fluidity of movement within its rigid bounds. The texture applied throughout the piece gives it a tactile quality, as if the shapes are carved out of the canvas itself. Intersecting Perspectives No.1 is a masterful exercise in restraint and intentionality, where the artist uses the absence of color to emphasize form and shadow, inviting the viewer to fill the voids with personal interpretation. The artwork is a meditation on the essence of form and the space it occupies, both physically and metaphorically.
Tags: Intersecting Perspectives
Available in 6 variants",Intersecting Perspectives,"{""type"": ""product"", ""variant_count"": 6, ""has_images"": true}"
product,Deep Echoes,"Product: Deep Echoes
Type: Artwork
Category: Posters, Prints, & Visual Artwork
Description: Deep Echoes from the Chromatic Echoes collection showcases a vibrant geometric composition that evokes the shimmering facets of a gemstone. The piece is characterized by layers of overlapping shapes in varying shades of deep blues, creating a visual depth that suggests a multifaceted surface. The central alignment and mirroring of shapes give the artwork a balanced and harmonious aesthetic, reminiscent of the symmetry found in natural crystals.
Tags: Chromatic Echoes
Available in 6 variants",Chromatic Echoes,"{""type"": ""product"", ""variant_count"": 6, ""has_images"": true}"
product,Space & Form no4,"Product: Space & Form no4
Type: Artwork
Category: Posters, Prints, & Visual Artwork
Description: Space &amp; Form no4 from the Resonating Structure collection presents an abstract geometric artwork that explores the fundamental concepts of space and form through sophisticated digital composition. This piece investigates how geometric elements can define, occupy, and transform space while simultaneously being shaped by their spatial context. The artwork demonstrates the dynamic relationship between positive and negative space, showing how form can emerge from emptiness and how emptiness can define form. Through careful manipulation of scale, positioning, and color relationships, the composition creates a sense of dimensional depth that transcends the flat digital medium. Each geometric element serves both as an individual form and as a contributor to the larger spatial narrative, creating a complex dialogue between parts and whole that invites contemplation of how we perceive and understand three-dimensional relationships in a two-dimensional space.
Tags: Space Form
Available in 6 variants",Space Form,"{""type"": ""product"", ""variant_count"": 6, ""has_images"": true}"
product,Vista Echoes,"Product: Vista Echoes
Type: Artwork
Category: Posters, Prints, & Visual Artwork
Description: Vista Echoes from the Chromatic Echoes collection presents an evocative play of shapes and colors that echo the depth and vastness of a panoramic view. Deep blues and purples form the foundation of the piece, suggesting the mysteries of the twilight sky or the depths of the ocean. Intersecting geometric forms in contrasting hues of pink and lighter blue create an illusion of light refracting through a prism, offering a sense of dimensionality and complexity.
Tags: Chromatic Echoes
Available in 6 variants",Chromatic Echoes,"{""type"": ""product"", ""variant_count"": 6, ""has_images"": true}"
product,Noir Echoes,"Product: Noir Echoes
Type: Artwork
Category: Posters, Prints, & Visual Artwork
Description: Noir Echoesfrom the Chromatic Echoes collection by the artist is a visually striking digital tapestry that weaves together depth, contrast, and geometric symmetry. This piece delves into the monochromatic spectrum, masterfully playing with shades from the darkest black to the brightest white to create a symphonic visual experience. The art gives a nod to the op art movement, with its potential to evoke movement through static imagery. Staring at the artwork, one might feel the pulsating patterns and shifting planes, as the gradients of gray add a gentle rhythm to the starkness of the black and white. 'Chromatic Echoes Noir' is a modern exploration of the enduring power of grayscale, utilizing digital means to create a timeless aesthetic. It stands as a bold statement on the power of simplicity and the intricate beauty that can be found within a restricted color palette.
Tags: Chromatic Echoes
Available in 6 variants",Chromatic Echoes,"{""type"": ""product"", ""variant_count"": 6, ""has_images"": true}"
product,Emerald Echoes,"Product: Emerald Echoes
Type: Artwork
Category: Posters, Prints, & Visual Artwork
Description: Emerald Echoesfrom the Chromatic Echoes collection captures the lush vibrancy of emerald gemstones through geometric abstraction. This piece features rich, verdant green tones that cascade through layered polygonal forms, creating a visual symphony reminiscent of light filtering through precious stones. The interplay of various green shades—from deep forest to bright lime—generates a sense of natural energy and growth. The geometric structures overlap and intersect, forming crystalline patterns that suggest both organic growth and precise architectural design. Each faceted surface reflects different intensities of green, creating depth and movement that draws the viewer into its emerald embrace. The composition balances bold geometric precision with the fluid, organic essence of nature's most treasured green gem.
Tags: Chromatic Echoes
Available in 6 variants",Chromatic Echoes,"{""type"": ""product"", ""variant_count"": 6, ""has_images"": true}"
product,Earth Echoes,"Product: Earth Echoes
Type: Artwork
Category: Posters, Prints, & Visual Artwork
Description: Earth from the Geometric Symmetry collection features a symmetrical design, with a color palette that evokes the richness of the earth. The artwork weaves together a tapestry of red, blue, and golden hues, intersected by sharp geometric shapes and a central column that could symbolize the spine of traditional Japanese attire. The intricate overlay of textures and the gradient of colors create a sense of depth and sophistication.
Tags: Chromatic Echoes
Available in 6 variants",Chromatic Echoes,"{""type"": ""product"", ""variant_count"": 6, ""has_images"": true}"
product,Space & Form no3,"Product: Space & Form no3
Type: Artwork
Category: Posters, Prints, & Visual Artwork
Description: <p>Space &amp; Form no3 from the Resonating Structure collection presents a compelling geometric exploration of texture and space that demonstrates the sophisticated interplay between two-dimensional design and three-dimensional illusion. This artwork masterfully employs geometric forms to create spatial depth and textural richness that challenges the viewer's perception of flat digital surfaces. The composition features carefully orchestrated arrangements of shapes that seem to float, intersect, and layer in impossible configurations, creating a sense of architectural impossibility. The textural elements add tactile quality to the digital medium, while the spatial relationships generate a dynamic tension that keeps the eye engaged. Each geometric element contributes to an overall sense of structured chaos, where order and complexity coexist in perfect balance.</p>
Tags: Space Form
Available in 6 variants",Space Form,"{""type"": ""product"", ""variant_count"": 6, ""has_images"": true}"
product,Space & Form no2,"Product: Space & Form no2
Type: Artwork
Category: Posters, Prints, & Visual Artwork
Description: Space &amp; Form No.2 from the Resonating Structure collection is a compelling display of the artist's ability to invoke depth through minimalistic design. This piece strikes a commanding presence, its bold monochromatic shapes creating a stark interplay of contrast and negative space. Here, the artist employs a palette of black, white, and greys to sculpt the illusion of volume and space. The composition is both geometrically rigorous and intriguingly imprecise, suggesting a fluidity of movement within its rigid bounds. The texture applied throughout the piece gives it a tactile quality, as if the shapes are carved out of the canvas itself. 'Space &amp; Form No.2' is a masterful exercise in restraint and intentionality, where the artist uses the absence of color to emphasize form and shadow, inviting the viewer to fill the voids with personal interpretation. The artwork is a meditation on the essence of form and the space it occupies, both physically and metaphorically.
Tags: Space Form
Available in 6 variants",Space Form,"{""type"": ""product"", ""variant_count"": 6, ""has_images"": true}"
product,Space & Form no1,"Product: Space & Form no1
Type: Artwork
Category: Posters, Prints, & Visual Artwork
Description: <p>Space &amp; Form No.1 from the Resonating Structure collection is a compelling narrative of texture and depth realized through the medium of digital art. Here, the artist presents a symphony of forms that resonate with the raw energy of natural elements, suffused with an aura of mystery and contemplation. The canvas is a patchwork of darkness and light, with jagged geometries cutting through a tapestry of organic textures. Each shape interacts with its neighbor, forming a cohesive yet complex visual field. The layering technique employed creates an illusion of three-dimensional space, pulling the observer into a seemingly infinite recess. With 'Space &amp; Form No.1,' the artist plays with the viewer's perception, using contrasting hues and saturation to evoke an emotional response. This piece is a testament to the artist's ability to manipulate digital tools to imitate the imperfections and richness of the physical world, bridging the gap between the virtual and the real.</p>
Tags: Space Form
Available in 6 variants",Space Form,"{""type"": ""product"", ""variant_count"": 6, ""has_images"": true}"
product,Noir Structures,"Product: Noir Structures
Type: Artwork
Category: Posters, Prints, & Visual Artwork
Description: Noir Structuresfrom the Intersecting Spaces collection is a powerful exploration of monochrome geometry that encapsulates the essence of minimalist art. The artist harnesses the stark contrast of black and white to create a composition that is both arresting and enigmatic. The artwork presents a series of angular forms that layer and intersect with a deliberate asymmetry, evoking a sense of depth and perspective. This visual depth is further enhanced by the subtle gradients of gray that soften the rigid boundaries between light and shadow, giving the piece a pulsating, living quality. Textural elements within 'Noir Structures' suggest a tactile dimension, with each shade of gray and every line offering a sensory experience. The artist's choice of a restricted palette highlights the complexity that can be achieved within a limited spectrum, inviting the viewer to delve into the nuances of form and tonality.
Tags: Intersecting Spaces
Available in 6 variants",Intersecting Spaces,"{""type"": ""product"", ""variant_count"": 6, ""has_images"": true}"
product,Teal Earth,"Product: Teal Earth
Type: Artwork
Category: Posters, Prints, & Visual Artwork
Description: Teal Earth from the Intersecting Spaces collection is a captivating embodiment of digital art's transformative power. The artwork is a striking mosaic of geometric precision, where the artist skillfully harnesses the allure of teal and earthen tones to craft a visual narrative that is both grounded and ethereal. Sharp angles and bold lines converge, creating a labyrinth of form that is both chaotic and meticulously ordered. The central dark form appears to pulsate, surrounded by a constellation of shapes that seem to dance in and out of the canvas. Textures reminiscent of woven fabric give life to the two-dimensional surface, suggesting a tactile sensation that beckons to be explored. Through 'Teal Earth,' the artist explores the juxtaposition of color and shape, inviting the viewer to consider the interconnectedness of natural and digital realms. The piece stands as a celebration of geometric diversity, an ode to the synthetic and the organic coalescing in a tapestry of form.
Tags: Intersecting Spaces
Available in 6 variants",Intersecting Spaces,"{""type"": ""product"", ""variant_count"": 6, ""has_images"": true}"
product,Primary Hue,"Product: Primary Hue
Type: Artwork
Category: Posters, Prints, & Visual Artwork
Description: Primary Hue from the Intersecting Spaces collection is a testament to the power of geometric abstraction in the digital age. It invites viewers to navigate a complex array of symmetrical, interlocking shapes that create a sense of ordered dynamism. Through mirrored elements, the artist constructs a visual commentary on the dual nature of perception and reality. Textured nuances within the vibrant blocks of color give life to the two-dimensional plane, with a central form in deep black providing a stark contrast to the surrounding hues. The artist weaves primary colors with a sophisticated blend of secondary and tertiary tones, establishing a visual symphony that pulses with energy from its core. 'Primary' resonates with the spirit of digital creation, celebrating the meticulous choreography of shapes and colors that culminate in a provocative and thought-provoking experience. This piece captures the essence of a contemplative journey through the lens of abstract geometry.
Tags: Intersecting Spaces
Available in 6 variants",Intersecting Spaces,"{""type"": ""product"", ""variant_count"": 6, ""has_images"": true}"
product,Textured Noir no1,"Product: Textured Noir no1
Type: Artwork
Category: Posters, Prints, & Visual Artwork
Description: Textured Noir no1 from the Resonating Structure collection presents a fractal-inspired textured artwork rendered in sophisticated monochrome tones that explore the infinite complexity hidden within seemingly simple black and white compositions. This piece demonstrates how mathematical patterns can generate organic-feeling textures that seem to pulse and breathe with digital life. The fractal elements create intricate surface variations that suggest everything from crystalline formations to cellular structures, while the monochromatic palette ensures that texture and form remain the primary focus. The artwork achieves a remarkable balance between mechanical precision and organic flow, creating patterns that feel both systematically generated and naturally evolved. Each textural element contributes to a larger rhythmic structure that draws the viewer into contemplation of the infinite complexity that can emerge from simple mathematical rules.
Tags: Shape Emergence
Available in 6 variants",Shape Emergence,"{""type"": ""product"", ""variant_count"": 6, ""has_images"": true}"
product,Textured Royal no1,"Product: Textured Royal no1
Type: Artwork
Category: Posters, Prints, & Visual Artwork
Description: Textured Royal no1 from the Resonating Structure collection presents a royal-toned fractal geometric composition featuring sophisticated textured patterns that elevate digital art to the realm of tactile luxury. This artwork combines the mathematical precision of fractal geometry with rich, regal color palettes that evoke the opulence of royal tapestries and precious metalwork. The textured elements create depth and visual interest that transforms the flat digital surface into something that appears almost three-dimensional, inviting the viewer to imagine running their fingers across its intricate patterns. Deep purples, rich golds, and royal blues blend seamlessly through fractal iterations, creating a sense of infinite complexity that speaks to both mathematical beauty and aesthetic sophistication. Each textural layer contributes to an overall composition that feels both digitally precise and luxuriously organic.
Tags: Shape Emergence
Available in 6 variants",Shape Emergence,"{""type"": ""product"", ""variant_count"": 6, ""has_images"": true}"
product,Noir Shade,"Product: Noir Shade
Type: Artwork
Category: Posters, Prints, & Visual Artwork
Description: Noir Shadebythe artistfrom the Shape Emergence collection. The artwork is a visually stimulating composition that belongs to the ""Shape Emergence"" collection by the artist. The medium is ink pigment printed on canvas, a method known for its durability and vibrant color output, ensuring that the intricate details and color transitions are beautifully rendered and preserved. The piece is predominantly characterized by its bold geometric shapes and stark contrasts. At first glance, it evokes the aesthetics of architectural design, with its structured lines and forms suggesting the meticulous blueprints of urban planning. The interplay of black and white forms creates a striking monochromatic palette, which is simultaneously timeless and modern. Shades of gray gradient serve as a bridge between the extremes of black and white, softening the transitions and adding depth to the image.
Tags: Shape Emergence
Available in 6 variants",Shape Emergence,"{""type"": ""product"", ""variant_count"": 6, ""has_images"": true}"
product,Royal Shade,"Product: Royal Shade
Type: Artwork
Category: Posters, Prints, & Visual Artwork
Description: Royal Shadefrom the Shape Emergence collection by the artist presents a complex interplay of geometry and texture. The artwork is a vibrant tapestry of digital precision, where saturated blues dominate the palette, contrasted with hints of crimson and calming cyan. The composition is meticulously constructed with a variety of shapes that command attention; sharp angles intersect with soft curves, creating a rhythmic balance that is both dynamic and harmonious. The texture within each shape is reminiscent of a rough canvas, adding depth and a tactile dimension that encourages closer inspection. This texture, coupled with the stark color blocks, crafts an illusion of light and shadow, endowing the piece with a three-dimensional quality. The lone, bold triangle of crimson acts as a visual anchor, drawing the eye and providing a focal point amidst the coolness of the blues.
Tags: Shape Emergence
Available in 6 variants",Shape Emergence,"{""type"": ""product"", ""variant_count"": 6, ""has_images"": true}"
product,Crimson Shade,"Product: Crimson Shade
Type: Artwork
Category: Posters, Prints, & Visual Artwork
Description: Crimson Shadebythe artistfrom the Shape Emergence collection manifests a dramatic interplay of geometric shapes in rich crimson tones, contrasted with touches of deep blues and purples, segmented by sharp lines and creating a pattern reminiscent of a complex kaleidoscope. The artwork, printed with high-quality ink pigment on durable cotton canvas, exudes a robust intensity and depth that captivates and engages the viewer. The collection is a striking visual narrative composed of geometric forms and a bold color palette. This ink pigment print on cotton canvas features a dynamic arrangement of shapes that merge and diverge to create a sense of movement and depth. The artwork is dominated by shades of crimson, ranging from deep maroon to bright red, which are contrasted with hints of purple, navy, and white. This contrast not only accentuates the individual forms but also highlights the overall symmetry and balance within the piece.
Tags: Shape Emergence
Available in 6 variants",Shape Emergence,"{""type"": ""product"", ""variant_count"": 6, ""has_images"": true}"
product,Rusty Shade,"Product: Rusty Shade
Type: Artwork
Category: Posters, Prints, & Visual Artwork
Description: Rusty Shadefrom the Shape Emergence collection presents an earthy rust-toned geometric composition that captures the weathered beauty and organic complexity of oxidized metal surfaces. This artwork explores the aesthetic tension between industrial decay and natural patination, creating a visual narrative that celebrates the transformative power of time and environmental forces. The rust-colored palette ranges from deep burgundy to burnt orange, with subtle variations that suggest the gradual oxidation process that creates these distinctive hues. The geometric forms emerge from this textural background like archaeological artifacts, their angular precision contrasting beautifully with the organic randomness of the rust patterns. This juxtaposition creates a compelling dialogue between human-made structures and natural processes, resulting in a composition that feels both ancient and contemporary.
Tags: Shape Emergence
Available in 6 variants",Shape Emergence,"{""type"": ""product"", ""variant_count"": 6, ""has_images"": true}"
product,Earthy Shade,"Product: Earthy Shade
Type: Artwork
Category: Posters, Prints, & Visual Artwork
Description: Earthy Shadefrom the Shape Emergence collection presents a complex earth-toned geometric abstraction that captures the rich, grounded essence of natural landscapes through sophisticated digital interpretation. This artwork employs a sophisticated palette of browns, ochres, and warm tans to create depth and dimensional complexity that evokes the layered stratification of geological formations. The geometric forms emerge and recede in subtle interplay, creating shadows and highlights that suggest the natural erosion patterns found in canyon walls and sedimentary rocks. Each element contributes to an overall composition that feels both mathematically precise and organically inspired, demonstrating how digital art can capture the timeless beauty of Earth's natural processes through contemporary geometric abstraction.
Tags: Shape Emergence
Available in 6 variants",Shape Emergence,"{""type"": ""product"", ""variant_count"": 6, ""has_images"": true}"
product,Emerald Shade,"Product: Emerald Shade
Type: Artwork
Category: Posters, Prints, & Visual Artwork
Description: Emerald Shadefrom the Shape Emergence collection features a complex overlay of geometric shapes creating a sense of depth and movement. The predominant shades of emerald and teal are interspersed with accents of deep blue, creating an impression of a multidimensional, woven fabric. The textured background contributes to the tactile illusion, enhancing the visual intricacy of the piece.
Tags: Shape Emergence
Available in 6 variants",Shape Emergence,"{""type"": ""product"", ""variant_count"": 6, ""has_images"": true}"
product,Purple Shade,"Product: Purple Shade
Type: Artwork
Category: Posters, Prints, & Visual Artwork
Description: Purple Shadefrom the Shape Emergence collection features a complex interplay of geometric shapes and vibrant colors creating an illusion of three-dimensional space on a two-dimensional surface. The artwork is composed of various hues of purples and blues, juxtaposed with stark blacks and touches of contrasting colors, which appear to be both merging into and emerging from one another. The texture gives the impression of a woven fabric, adding a tactile dimension to the visual experience.
Tags: Shape Emergence
Available in 6 variants",Shape Emergence,"{""type"": ""product"", ""variant_count"": 6, ""has_images"": true}"
product,Festive Patterns no3,"Product: Festive Patterns no3
Type: Artwork
Category: Posters, Prints, & Visual Artwork
Description: Festive Patterns no3 from the Shape Emergence collection is a dazzling array of color and movement. This piece features intricate geometric shapes in bright yellows, bold greens, and deep purples, creating an exuberant, celebration-like atmosphere. The overlapping and interlocking patterns generate a festive energy that seems to dance across the canvas. The complexity of the design, combined with the vivid color palette, makes this artwork a vibrant centerpiece for any contemporary space.
Tags: Shape Emergence
Available in 6 variants",Shape Emergence,"{""type"": ""product"", ""variant_count"": 6, ""has_images"": true}"
product,Festive Patterns no1,"Product: Festive Patterns no1
Type: Artwork
Category: Posters, Prints, & Visual Artwork
Description: Festive Patterns no1 from the Shape Emergence collection showcases a dynamic interplay of geometric shapes and colors. The composition is a vivid tapestry of overlapping forms, predominantly in shades of deep blue, rich purples, and vibrant reds, creating a sense of layered depth. White spaces peek through, offering a stark contrast that accentuates the overall boldness of the artwork. The canvas texture adds an organic touch to the sharp geometric lines, highlighting the intricate digital craftsmanship.
Tags: Shape Emergence
Available in 6 variants",Shape Emergence,"{""type"": ""product"", ""variant_count"": 6, ""has_images"": true}"
product,Festive Patterns no2,"Product: Festive Patterns no2
Type: Artwork
Category: Posters, Prints, & Visual Artwork
Description: ""Festive Patterns no2"" stands as a masterful exploration of geometric abstraction within the acclaimed Shape Emergence collection. This museum-quality limited edition piece orchestrates a sophisticated interplay of deep emerald greens and vibrant crimson reds, punctuated by strategic touches of electric blue and pristine white. The artist demonstrates exceptional command over compositional dynamics, creating a multilayered visual experience where geometric forms appear to float and intersect with architectural precision. The work's distinctive canvas-like texture adds a compelling tactile dimension to its digital origins, while masterfully executed transparency effects allow shapes to merge and separate in a rhythmic dance across the picture plane. Drawing influence from both Constructivist principles and contemporary digital art movements, the piece achieves a remarkable balance between mathematical order and organic fluidity.
Tags: Shape Emergence
Available in 6 variants",Shape Emergence,"{""type"": ""product"", ""variant_count"": 6, ""has_images"": true}"
product,Earthy Kimono,"Product: Earthy Kimono
Type: Artwork
Category: Posters, Prints, & Visual Artwork
Description: Earthy Kimonofrom the Geometric Symmetry collection captures the essence of traditional Japanese attire with a contemporary twist. The artwork is a rich tapestry of warm earth tones, intersected by bold geometric shapes that mimic the folds and creases of a kimono. The layered textures and color gradients add depth and intrigue, creating a piece that is both grounded in nature and vibrant in its execution.
Tags: Geometric Symmetry
Available in 6 variants",Geometric Symmetry,"{""type"": ""product"", ""variant_count"": 6, ""has_images"": true}"
product,Dark Kimono,"Product: Dark Kimono
Type: Artwork
Category: Posters, Prints, & Visual Artwork
Description: ""Dark Kimono"" stands as a masterful convergence of traditional Japanese aesthetics and contemporary geometric abstraction, rendered with exceptional precision in the artist's signature digital medium. This limited edition piece from the acclaimed Geometric Symmetry collection commands attention through its sophisticated interplay of royal blue, vibrant red, and pristine white against a profound black void. The composition's vertical arrangement of precise geometric forms creates a compelling modernist interpretation of ceremonial dress, where traditional textile folds are reimagined through a distinctly minimalist lens. The artist's meticulous attention to spatial relationships and color harmony achieves a delicate balance between cultural reverence and contemporary design language. A subtle granular texture imbues the surface with an almost ethereal quality, suggesting the luxurious shimmer of silk while maintaining its contemporary character.
Tags: Geometric Symmetry
Available in 6 variants",Geometric Symmetry,"{""type"": ""product"", ""variant_count"": 6, ""has_images"": true}"
product,Teal Kimono,"Product: Teal Kimono
Type: Artwork
Category: Posters, Prints, & Visual Artwork
Description: Teal Kimonofrom the Geometric Symmetry collection showcases an intricate pattern of geometric shapes in a serene teal color scheme, interspersed with accents of rich magenta and deep blues. This composition features a harmonious symmetry that mirrors the traditional aesthetic of a kimono, while the cool teal evokes a sense of calm and balance. The abstract design encapsulates a modern reinterpretation of classic textile patterns, with a touch of digital artistry, perfect for contemporary decor.
Tags: Geometric Symmetry
Available in 6 variants",Geometric Symmetry,"{""type"": ""product"", ""variant_count"": 6, ""has_images"": true}"
product,Red Kimono,"Product: Red Kimono
Type: Artwork
Category: Posters, Prints, & Visual Artwork
Description: Red Kimonofrom the Geometric Intersect collection presents a striking red geometric assembly that beautifully merges traditional kimono aesthetics with contemporary geometric design principles. This artwork captures the flowing grace and structural elegance of traditional Japanese garments while reimagining them through a modern geometric lens. The rich red palette evokes the ceremonial significance and cultural depth of traditional kimonos, while the geometric patterns create a bridge between ancient textile traditions and contemporary digital art. Each geometric element flows seamlessly into the next, creating a rhythm that mirrors the natural drape and movement of fabric, yet maintains the precision and clarity that characterizes modern geometric art.
Tags: Geometric Symmetry
Available in 6 variants",Geometric Symmetry,"{""type"": ""product"", ""variant_count"": 6, ""has_images"": true}"
product,Royal Kimono,"Product: Royal Kimono
Type: Artwork
Category: Posters, Prints, & Visual Artwork
Description: Royal Kimonofrom the Geometric Symmetry collection presents a commanding interplay of geometric forms bathed in a dominant blue palette, intertwined with accents of vibrant pink. The artwork is composed of layered parallelograms and triangles, converging to create a mirror-like symmetry that is evocative of the elegance and stature of a kimono. This piece marries the tranquility of cool blues with the energy of pink, offering a visual experience that is both balanced and dynamic. ""Royal Kimono"" exemplifies the beauty of symmetry in abstract design, portraying a modern interpretation of traditional garment folds in a geometric abstraction.
Tags: Geometric Symmetry
Available in 6 variants",Geometric Symmetry,"{""type"": ""product"", ""variant_count"": 6, ""has_images"": true}"
product,Monochrome Kimono,"Product: Monochrome Kimono
Type: Artwork
Category: Posters, Prints, & Visual Artwork
Description: ""Monochrome Kimono"" stands as a masterful exploration of geometric abstraction, where stark contrasts and precise architectural forms coalesce into a contemporary interpretation of traditional Japanese aesthetics. The artist's sophisticated manipulation of positive and negative space centers on a commanding hexagonal motif, from which radiating trapezoids and planes suggest the elegant folds of a kimono rendered in modernist vocabulary. This museum-quality limited edition piece demonstrates exceptional technical precision through its nuanced grayscale transitions and distinctive textural qualities, achieving a remarkable balance between Constructivist rigidity and Eastern fluidity. The work's careful consideration of form and void, executed through contemporary production techniques on premium substrate, creates a compelling dialogue between traditional craftsmanship and modern artistic expression.
Tags: Geometric Symmetry
Available in 6 variants",Geometric Symmetry,"{""type"": ""product"", ""variant_count"": 6, ""has_images"": true}"
product,Noir Weave,"Product: Noir Weave
Type: Artwork
Category: Posters, Prints, & Visual Artwork
Description: ""Noir Weave,"" a distinguished limited edition piece from the Vivid Layers collection, masterfully orchestrates a sophisticated interplay of geometric abstraction and textural depth. The artist's virtuosic command of the grayscale spectrum manifests in a complex architectural composition where intersecting planes of light and shadow create a mesmerizing sense of dimensional movement. Translucent layers overlap with precise angular forms, evoking both the mathematical rigor of Constructivism and the emotional resonance of Abstract Expressionism. The work's distinctive woven surface texture introduces an organic quality that beautifully counterpoints its geometric precision, while the careful manipulation of transparency and opacity generates a compelling visual narrative that unfolds across multiple spatial planes.
Tags: Vivid Layers
Available in 6 variants",Vivid Layers,"{""type"": ""product"", ""variant_count"": 6, ""has_images"": true}"
product,Structured Noir no2,"Product: Structured Noir no2
Type: Artwork
Category: Posters, Prints, & Visual Artwork
Description: From the acclaimed Geometric Intersect collection, ""Structured Noir no2"" stands as a masterful exploration of contemporary geometric abstraction, where architectural precision meets artistic sophistication. This museum-quality limited edition piece orchestrates a compelling dialogue between intersecting angular forms, rendered in a refined palette of deep blacks, pristine whites, and meticulously calibrated grey gradients. The artist's virtuosic command of spatial relationships manifests in overlapping planes that suggest three-dimensional depth, while subtle textural elements evoke the tactile qualities of fine art papers, softening the stark geometrical composition. Drawing inspiration from Constructivist and Bauhaus principles, the work achieves a remarkable balance between mathematical precision and organic sensibility, particularly evident in the strategic placement of a commanding vertical white element that anchors the dynamic diagonal flow.
Tags: Structured
Available in 6 variants",Structured,"{""type"": ""product"", ""variant_count"": 6, ""has_images"": true}"
product,Structured Noir no1,"Product: Structured Noir no1
Type: Artwork
Category: Posters, Prints, & Visual Artwork
Description: ""Structured Noir no1,"" a distinguished piece from the Geometric Intersect collection, masterfully exemplifies the sophisticated intersection of Constructivist principles and contemporary minimalist aesthetics. The artist's virtuosic command of monochromatic expression manifests in a composition where precisely calibrated geometric forms create a compelling interplay of light and shadow. Through masterful layering techniques, intersecting angular elements simultaneously recede and project, establishing a dynamic spatial dialogue within the picture plane. The work's architectural sensibility is enhanced by a subtle textural quality that adds tactile sophistication to the stark contrast between pure whites and deep blacks. This museum-quality limited edition piece demonstrates exceptional technical precision while maintaining an intellectual rigor that speaks to collectors of contemporary geometric abstraction.
Tags: Geometric Intersect
Available in 6 variants",Geometric Intersect,"{""type"": ""product"", ""variant_count"": 6, ""has_images"": true}"
product,Prismatic Warmth,"Product: Prismatic Warmth
Type: Artwork
Category: Posters, Prints, & Visual Artwork
Description: ""Prismatic Warmth,"" a distinguished piece from the Geometric Intersect collection, masterfully synthesizes contemporary geometric abstraction with the warmth of traditional textile artistry. The artist's sophisticated manipulation of overlapping transparent forms creates a mesmerizing interplay of deep navy blues, burnt oranges, and rich burgundies against pristine white spaces. This museum-quality limited edition work demonstrates exceptional technical precision in its crystalline structures while maintaining an organic sensibility through its subtle textile-like surface texture. The composition's dynamic diagonal movement guides viewers through a carefully orchestrated visual journey, where angular forms intersect to create unexpected chromatic harmonies and dimensional depths. Drawing influence from both Constructivist principles and digital art aesthetics, the piece achieves a remarkable balance between mathematical precision and emotional resonance.
Tags: Geometric Intersect
Available in 6 variants",Geometric Intersect,"{""type"": ""product"", ""variant_count"": 6, ""has_images"": true}"
product,Crystalline Blue,"Product: Crystalline Blue
Type: Artwork
Category: Posters, Prints, & Visual Artwork
Description: ""Crystalline Blue,"" a distinguished piece from the Geometric Intersect collection, masterfully synthesizes architectural precision with crystalline fluidity in this museum-quality limited edition. The artist's sophisticated manipulation of overlapping geometric forms creates a compelling spatial dialogue, where deep cobalt blues intersect with carefully calibrated accents of amber, emerald, and magenta against pristine white negative space. This interplay of transparency and opacity, enhanced by a subtle canvas-like texture, evokes both the austere elegance of Constructivism and the harmonious balance of De Stijl, while maintaining a distinctly contemporary aesthetic. The composition's dynamic arrangement of angular forms and parallelograms generates an immersive three-dimensional effect, with each intersection revealing new chromatic relationships reminiscent of fine mineral formations or modernist urban landscapes.
Tags: Geometric Intersect
Available in 6 variants",Geometric Intersect,"{""type"": ""product"", ""variant_count"": 6, ""has_images"": true}"
product,Structured Emerald No3,"Product: Structured Emerald No3
Type: Artwork
Category: Posters, Prints, & Visual Artwork
Description: ""Verdant Layers"" stands as a masterful exploration of geometric abstraction, where translucent planes of green—ranging from vibrant lime to profound forest hues—intersect with pristine white forms to create a sophisticated dimensional dialogue. This limited edition piece from the acclaimed Vivid Layers collection demonstrates exceptional technical precision in its digital execution, enhanced by a carefully crafted textural overlay that lends a tactile warmth to its geometric precision. The artist's virtuosic handling of transparency and overlap creates complex chromatic interactions, while a singular azure accent line introduces a subtle counterpoint to the verdant palette. Drawing from constructivist principles while embracing contemporary digital possibilities, the work achieves a remarkable synthesis between organic and architectural elements.
Tags: Structured
Available in 6 variants",Structured,"{""type"": ""product"", ""variant_count"": 6, ""has_images"": true}"
product,Parallelogram Illusion no1,"Product: Parallelogram Illusion no1
Type: Artwork
Category: Posters, Prints, & Visual Artwork
Description: From the celebrated Geometric Intersect collection, ""Parallelogram Illusion no1"" stands as a masterful exploration of perceptual art through sophisticated geometric abstraction. The artist orchestrates a mesmerizing interplay of transparent parallelograms and triangular forms, creating a dynamic composition that seems to pulse with dimensional energy. Deep purples and vibrant magentas cascade into rich burgundies, while strategic touches of forest green and amber provide counterpoint to the composition's rhythmic flow. The work's technical virtuosity is evident in its precise manipulation of overlapping transparencies, creating secondary chromatic harmonies that recall Josef Albers' influential studies in color theory. Printed on museum-grade textured medium, the piece marries digital precision with organic materiality, achieving a contemporary aesthetic that remains warmly inviting.
Tags: Geometric Intersect
Available in 6 variants",Geometric Intersect,"{""type"": ""product"", ""variant_count"": 6, ""has_images"": true}"
product,Parallelogram Illusion no2,"Product: Parallelogram Illusion no2
Type: Artwork
Category: Posters, Prints, & Visual Artwork
Description: In this striking limited edition work from the Geometric Symmetry collection, the artist masterfully orchestrates a sophisticated interplay of translucent parallelograms and triangular forms, creating a contemporary meditation on perception and mathematical precision. The composition's deep emerald greens, vibrant magentas, and rich blues cascade through the picture plane with calculated elegance, while subtle peach tones provide harmonic counterpoint against pristine white negative spaces. Through masterful manipulation of transparency and overlay effects, the work achieves remarkable dimensional depth while maintaining modernist restraint. The artist's technical virtuosity is evident in the precise color transitions and crystalline edge work, hallmarks of museum-quality geometric abstraction.
Tags: Geometric Intersect
Available in 6 variants",Geometric Intersect,"{""type"": ""product"", ""variant_count"": 6, ""has_images"": true}"
product,Earthy Weave,"Product: Earthy Weave
Type: Artwork
Category: Posters, Prints, & Visual Artwork
Description: Earthy Weavefrom the Vivid Layerscollection is a harmonious blend of nature-inspired tones and geometric precision. This piece artfully combines the organic palette of earthy browns, forest greens, and deep blues with the structured clarity of geometric shapes. The overlapping and intertwining of the shapes create a sense of woven fabric, meticulously crafted from the natural colors of the earth. The play of light and shadow within the colors adds a dynamic quality, suggesting depth and movement, making ""Earthy Weave"" a sophisticated visual experience that encapsulates both the randomness and the order found in nature.
Tags: Vivid Layers
Available in 6 variants",Vivid Layers,"{""type"": ""product"", ""variant_count"": 6, ""has_images"": true}"
product,Olive Weave,"Product: Olive Weave
Type: Artwork
Category: Posters, Prints, & Visual Artwork
Description: ""Olive Weave,"" a distinguished piece from the Vivid Layers collection, masterfully orchestrates geometric abstraction through an sophisticated interplay of translucent planes and carefully calibrated color harmonies. The artist's command of spatial dynamics manifests in overlapping parallelograms and angular forms, creating a compelling dimensional depth that both challenges and rewards sustained contemplation. The refined palette of olive greens, slate grays, and deep purples, accented with cool teals, demonstrates an exceptional sensitivity to color relationships, while the strategic incorporation of negative space lends the composition its sophisticated breathing room. This museum-quality limited edition achieves a remarkable synthesis between digital precision and organic texture, with the canvas substrate introducing a tactile quality that enriches the geometric abstraction.
Tags: Vivid Layers
Available in 6 variants",Vivid Layers,"{""type"": ""product"", ""variant_count"": 6, ""has_images"": true}"
product,Pink Weave,"Product: Pink Weave
Type: Artwork
Category: Posters, Prints, & Visual Artwork
Description: From the distinguished Vivid Layers collection, ""Pink Weave"" stands as a masterful exploration of geometric abstraction, where precision meets ethereal transparency. The artist's sophisticated manipulation of overlapping rectangular and parallelogram forms creates a compelling vertical rhythm, while the carefully calibrated palette—featuring deep burgundies, vibrant pinks, and forest greens—generates remarkable spatial depth through intentional color interactions. The composition's architectural precision is softened by the subtle textural qualities of the substrate, lending a tactile dimension that enriches the viewing experience. Drawing inspiration from both Constructivist principles and Color Field painting, this contemporary limited edition piece demonstrates exceptional technical refinement in its perfect color gradients and precise geometric intersections.
Tags: Vivid Layers
Available in 6 variants",Vivid Layers,"{""type"": ""product"", ""variant_count"": 6, ""has_images"": true}"
product,Vivid Mosaic no1,"Product: Vivid Mosaic no1
Type: Artwork
Category: Posters, Prints, & Visual Artwork
Description: In this striking limited edition piece from the Mosaic collection, geometric abstraction reaches new heights through a masterful interplay of transparent polygonal forms. The composition's sophisticated architecture reveals itself through overlapping crystalline shapes that cascade diagonally across a richly textured canvas, creating an entrancing dimensional space that beckons closer inspection. Deep purples and burgundies dominate the palette, while strategic accents of pink and golden yellow provide ethereal counterpoints, demonstrating exceptional control over opacity and chromatic harmony. The artist's technical virtuosity is evident in the precise execution of transparency effects, where intersecting forms generate complex color interactions and spatial relationships that pay homage to Constructivist principles while embracing contemporary digital innovation.
Tags: Mosaic
Available in 6 variants",Mosaic,"{""type"": ""product"", ""variant_count"": 6, ""has_images"": true}"
product,Vivid Mosaic no2,"Product: Vivid Mosaic no2
Type: Artwork
Category: Posters, Prints, & Visual Artwork
Description: In this striking limited edition from the Mosaic collection, geometric abstraction achieves new heights through masterful digital articulation and chromatic sophistication. The composition orchestrates a mesmerizing interplay of translucent forms, where deep navy, turquoise, and royal blue harmonize with strategic bursts of magenta and forest green. The artist's revolutionary approach to spatial dynamics manifests in precisely layered triangular and rectangular elements, creating an architectural depth that draws viewers into its dimensional complexities. A subtle canvas texture underlies the digital precision, lending tactile warmth to the piece's contemporary aesthetic. The work's constructivist influences merge seamlessly with modern digital techniques, while maintaining the organic quality that distinguishes truly exceptional abstract art. Where transparent shapes intersect, new colors emerge in a sophisticated dialogue between form and chromatic interaction.
Tags: Mosaic
Available in 6 variants",Mosaic,"{""type"": ""product"", ""variant_count"": 6, ""has_images"": true}"
product,Vivid Mosaic no3,"Product: Vivid Mosaic no3
Type: Artwork
Category: Posters, Prints, & Visual Artwork
Description: Vivid Mosaic No.3from the Mosaiccollection by the artist is a striking piece that showcases the vivid interplay of color and form. The artist creates a sense of dynamic movement through the overlapping geometric shapes, which seem to advance and recede, playing with the viewer's perception of space. The rich, saturated blues, purples, and reds create a visual vibrato that is at once bold and harmonious. These colors are softened by the textured backdrop that mimics the granularity of a traditional mosaic, lending an organic feel to the digital medium. 'Vivid Mosaic No.3' is a testament to the artist's skill in fusing traditional mosaic aesthetics with contemporary digital techniques. The result is a captivating digital canvas that resonates with energy, complexity, and a modern sensibility.
Tags: Mosaic
Available in 6 variants",Mosaic,"{""type"": ""product"", ""variant_count"": 6, ""has_images"": true}"
product,Vivid Mosaic no4,"Product: Vivid Mosaic no4
Type: Artwork
Category: Posters, Prints, & Visual Artwork
Description: In this stunning addition to the Mosaic collection, geometric abstraction reaches new heights of sophistication through masterfully layered translucent forms. The composition presents a crystalline architecture of intersecting planes, where deep navy blues and vibrant turquoise harmonize with olive greens and delicate pink accents, creating an intricate dance of color and light. The artist's command of digital techniques yields museum-quality precision, with each element perfectly positioned to suggest three-dimensional depth while maintaining the work's contemporary minimalist aesthetic. The textured background provides a tactile counterpoint to the crisp geometric overlays, while sophisticated transparency effects evoke the luminosity of stained glass. Drawing inspiration from both Constructivism and Digital Minimalism, this limited edition piece demonstrates remarkable technical virtuosity in its execution.
Tags: Mosaic
Available in 6 variants",Mosaic,"{""type"": ""product"", ""variant_count"": 6, ""has_images"": true}"
product,Vivid Mosaic no7,"Product: Vivid Mosaic no7
Type: Artwork
Category: Posters, Prints, & Visual Artwork
Description: Vivid Mosaic no7from the Mosaiccollection is an abstract artwork full of vitality and color. It displays a complex overlay of geometric shapes in a diverse color palette, including deep blues, rich browns, and vibrant splashes of pink, teal, and yellow. The shapes seem to interlock and layer over each other, giving the piece a textured and multidimensional appearance. This artwork brings together the structured order of geometric forms with the free-spirited essence of vivid colors, making it an eye-catching addition to any space.
Tags: Mosaic
Available in 6 variants",Mosaic,"{""type"": ""product"", ""variant_count"": 6, ""has_images"": true}"
product,Noir Mosaic no1,"Product: Noir Mosaic no1
Type: Artwork
Category: Posters, Prints, & Visual Artwork
Description: ""Noir Mosaic no1"" stands as a masterful exploration of geometric abstraction, where precision meets contemplative sophistication in a limited edition release. The artist's commanding use of monochromatic values creates a profound visual dialogue between intersecting angular forms, rendered with exceptional technical precision against a subtly textured ground. Overlapping rectangular and triangular elements generate an architectural depth through masterful manipulation of opacity and transparency, while the careful gradation from deep noir to translucent gray tones establishes a mysterious, almost cinematic atmosphere. The composition's constructivist influences merge seamlessly with contemporary minimalist sensibilities, creating a piece that commands attention through its calculated visual tension and refined aesthetic restraint.
Tags: Mosaic
Available in 6 variants",Mosaic,"{""type"": ""product"", ""variant_count"": 6, ""has_images"": true}"
product,Noir Mosaic no2,"Product: Noir Mosaic no2
Type: Artwork
Category: Posters, Prints, & Visual Artwork
Description: ""Noir Mosaic no2"" stands as a masterful exploration of geometric abstraction, where precision meets artistic intuition in a sophisticated monochromatic composition. The artist's virtuosic manipulation of intersecting triangular and rectangular forms creates a compelling dimensional narrative, with bold black shapes emerging from and receding into a carefully calibrated gray field. This museum-quality limited edition piece demonstrates remarkable technical sophistication in its digital execution, enhanced by a subtle textural overlay that introduces an organic quality to the otherwise crisp geometric forms. The composition achieves a delicate equilibrium between mathematical precision and dynamic energy, evoking architectural monumentality while maintaining contemporary graphic sensibilities. Drawing influence from both constructivist and minimalist traditions, the work transforms the classical mosaic concept into a thoroughly modern expression.
Tags: Mosaic
Available in 6 variants",Mosaic,"{""type"": ""product"", ""variant_count"": 6, ""has_images"": true}"
product,Noir Mosaic no3,"Product: Noir Mosaic no3
Type: Artwork
Category: Posters, Prints, & Visual Artwork
Description: ""Noir Mosaic no3"" stands as a masterful exploration of contemporary geometric abstraction, where precision meets artistic sophistication in a carefully orchestrated composition of overlapping forms. The artist's virtuosic manipulation of transparency and opacity creates a compelling dialogue between light and shadow, with rectangular and triangular elements arranged in an asymmetrical yet perfectly balanced configuration. This museum-quality limited edition piece demonstrates exceptional technical control, presenting a digital homage to classical mosaic traditions while firmly establishing itself in the contemporary art landscape. The monochromatic palette, ranging from stark black to subtle gradients of gray, achieves a remarkable depth through layered geometries that suggest both architectural space and pure abstract form.
Tags: Mosaic
Available in 6 variants",Mosaic,"{""type"": ""product"", ""variant_count"": 6, ""has_images"": true}"
product,Vivid Mosaic No6,"Product: Vivid Mosaic No6
Type: Artwork
Category: Posters, Prints, & Visual Artwork
Description: ""Vivid Mosaic No6"" stands as a masterful exploration of contemporary geometric abstraction, where crystalline forms intersect in a sophisticated dance of transparency and light. The artist's command of digital medium elevates traditional mosaic concepts into the realm of high contemporary art, creating a museum-quality piece that demands contemplation. The composition's dramatic interplay of deep navy blues and forest greens transitions expertly into ethereal turquoise, violet, and amber tones, while overlapping translucent planes generate an extraordinary depth that transcends the two-dimensional surface. This limited edition work from the acclaimed Mosaic collection demonstrates remarkable technical precision, with angular elements weighted strategically to create dynamic visual movement across the canvas. The subtle integration of organic texture beneath the geometric precision speaks to the artist's sophisticated understanding of material dialogue in digital art.
Tags: Mosaic
Available in 6 variants",Mosaic,"{""type"": ""product"", ""variant_count"": 6, ""has_images"": true}"
product,Vivid Mosaic no5,"Product: Vivid Mosaic no5
Type: Artwork
Category: Posters, Prints, & Visual Artwork
Description: In ""Vivid Mosaic no5,"" the artist masterfully orchestrates a sophisticated interplay of geometric abstraction and chromatic harmony, creating a contemporary digital masterpiece that commands attention. This limited edition work presents a mesmerizing composition where crystalline forms cascade through space with architectural precision, while maintaining an organic fluidity through masterful manipulation of transparency and depth. The piece's distinguished palette centers on a spectrum of blues—from midnight to cerulean—punctuated by strategic accents of pink, mint green, and burgundy, creating a rich visual tapestry that epitomizes the intersection of Digital Minimalism and Constructivist influence. The artist's command of digital mosaic techniques allows for an unprecedented level of precision in the tessellated segments, while maintaining the emotional resonance of traditional abstract expressionism.
Tags: Mosaic
Available in 6 variants",Mosaic,"{""type"": ""product"", ""variant_count"": 6, ""has_images"": true}"
product,Fractal Color Dark Double,"Product: Fractal Color Dark Double
Type: Artwork
Category: Posters, Prints, & Visual Artwork
Description: Fractal Color Dark Doublefrom the Fractalcollection features symmetric fractal art that cascades in a mesmerizing display of blues, oranges, and reds. The design creates the illusion of depth, with layers that seem to spiral into infinity. Each pattern mirrors and complements the other, forming a balanced composition that draws the eye deeper into its geometric complexity. The artwork's rich color palette transitions from deep, moody blues to vibrant oranges and reds, creating a dynamic visual experience that captures the mathematical beauty inherent in fractal geometry.
Tags: Fractal
Available in 6 variants",Fractal,"{""type"": ""product"", ""variant_count"": 6, ""has_images"": true}"
product,Fractal Color Red,"Product: Fractal Color Red
Type: Artwork
Category: Posters, Prints, & Visual Artwork
Description: ""Fractal Color Red"" stands as a masterful exploration of digital abstraction, where mathematical precision meets artistic passion in a stunning contemporary composition. The artist's sophisticated manipulation of geometric forms creates a mesmerizing interplay of crimson, burgundy, and scarlet hues, punctuated by strategic accents of deep blue and vibrant orange. This museum-quality limited edition piece demonstrates remarkable technical virtuosity in its execution, with precisely rendered fractal patterns that cascade through multiple dimensional planes, creating an infinite dialogue between form and space. The work's digital genesis is elegantly tempered by a subtle canvas-like texture, bridging the gap between traditional and contemporary artistic mediums. Drawing influence from both Constructivism and Digital Abstractionism, the composition achieves a delicate balance between mathematical order and emotional intensity.
Tags: Fractal
Available in 6 variants",Fractal,"{""type"": ""product"", ""variant_count"": 6, ""has_images"": true}"
product,Fractal Color Light,"Product: Fractal Color Light
Type: Artwork
Category: Posters, Prints, & Visual Artwork
Description: ""Fractal Color Light"" stands as a masterful exploration of geometric abstraction, where precision meets chromatic virtuosity in a compelling contemporary composition. The artist's sophisticated manipulation of intersecting triangular and quadrilateral forms creates a mesmerizing interplay of depth and dimension, while the carefully curated palette—ranging from deep navy to luminous yellows and striking magentas—demonstrates an exceptional understanding of color theory and spatial dynamics. This museum-quality limited edition piece seamlessly bridges the aesthetic principles of constructivism with contemporary digital artistry, achieving a remarkable balance between mathematical precision and expressive freedom. The work's multilayered composition reveals new intricacies with each viewing, as transparent forms overlap and interact in a dance of geometric harmony.
Tags: Fractal
Available in 6 variants",Fractal,"{""type"": ""product"", ""variant_count"": 6, ""has_images"": true}"
product,Fractal Color Dark,"Product: Fractal Color Dark
Type: Artwork
Category: Posters, Prints, & Visual Artwork
Description: Fractal Color Darkfrom the Fractalcollection presents a rich tapestry of geometric complexity. Dark, shadowy backgrounds are juxtaposed with vivid bursts of color, including electric blues, greens, and fiery oranges, all interlocking in a fractal pattern that draws the eye inward. The artwork's dark base enhances the intensity of the bright colors, creating a sense of depth and intrigue. This piece captures the essence of fractal art with its repeating patterns, exploring the intersection of darkness and color, order and chaos.
Tags: Fractal
Available in 6 variants",Fractal,"{""type"": ""product"", ""variant_count"": 6, ""has_images"": true}"
product,Fractal Noir,"Product: Fractal Noir
Type: Artwork
Category: Posters, Prints, & Visual Artwork
Description: ""Fractal Noir"" stands as a masterful exploration of geometric abstraction, where precision meets artistic sophistication in a compelling monochromatic dialogue. The artist's meticulous composition orchestrates a complex interplay of angular forms—triangles, rectangles, and trapezoids—layered with remarkable depth through varying degrees of black, white, and nuanced grayscale tonalities. A subtle digital grain texture imbues the piece with contemporary resonance while maintaining its refined aesthetic character. The work demonstrates exceptional technical virtuosity in its manipulation of positive and negative space, as crystalline white geometries slice through darker planes to create a mesmerizing dimensional effect. This limited edition piece draws inspiration from both constructivist principles and modern digital aesthetics, positioning itself at the intersection of classical abstraction and contemporary design.
Tags: Fractal
Available in 6 variants",Fractal,"{""type"": ""product"", ""variant_count"": 6, ""has_images"": true}"
product,Fractal Noir Double,"Product: Fractal Noir Double
Type: Artwork
Category: Posters, Prints, & Visual Artwork
Description: ""Fractal Noir Double"" stands as a masterful synthesis of mathematical precision and aesthetic sophistication within contemporary geometric abstraction. This museum-quality limited edition work presents a compelling interplay of stark monochromatic forms, where crystalline triangular structures intersect with architectural precision across a meticulously balanced composition. The artist's masterful manipulation of digital techniques creates a distinctive noir atmosphere through granular textures that evoke vintage photography, while maintaining the mathematical purity inherent in fractal art. The bilateral symmetry serves as an organizational foundation from which geometric forms radiate with calculated grace, creating a dynamic tension between positive and negative space. Translucent layers overlap to generate subtle gradients and unexpected intersections, rewarding sustained contemplation with their intricate complexity.
Tags: Fractal
Available in 6 variants",Fractal,"{""type"": ""product"", ""variant_count"": 6, ""has_images"": true}"
product,Fractal Double Red,"Product: Fractal Double Red
Type: Artwork
Category: Posters, Prints, & Visual Artwork
Description: ""Fractal Double Red"" stands as a masterful exploration of geometric abstraction, where precision meets emotional resonance in a stunning limited edition release. The artist's sophisticated manipulation of deep reds, electric oranges, and royal blues creates a symmetrical symphony that radiates from a powerful central focal point. Through masterful digital techniques, the work achieves a remarkable balance between mathematical precision and artistic intuition, with semi-transparent layers creating rich interactions between primary and secondary hues. The composition's architectural framework, built upon intersecting triangular and rectangular forms, generates a mesmerizing sense of depth and movement that draws viewers into its complex geometric landscape. This museum-quality piece exemplifies the evolution of contemporary abstract art, bridging classical constructivist principles with cutting-edge digital aesthetics.
Tags: Fractal
Available in 5 variants",Fractal,"{""type"": ""product"", ""variant_count"": 5, ""has_images"": true}"
inventory,Crimson Shade,"Inventory for: Crimson Shade
Total available: 600 units
Total on hand: 600 units
Locations: 170 Avenue F, Printful
Variants: 12",,"{""type"": ""inventory"", ""variant_count"": 12, ""location_count"": 2}"
inventory,Crystalline Blue,"Inventory for: Crystalline Blue
Total available: 600 units
Total on hand: 600 units
Locations: 170 Avenue F, Printful
Variants: 12",,"{""type"": ""inventory"", ""variant_count"": 12, ""location_count"": 2}"
inventory,Dark Kimono,"Inventory for: Dark Kimono
Total available: 600 units
Total on hand: 600 units
Locations: 170 Avenue F, Printful
Variants: 12",,"{""type"": ""inventory"", ""variant_count"": 12, ""location_count"": 2}"
inventory,Earth Echoes,"Inventory for: Earth Echoes
Total available: 600 units
Total on hand: 600 units
Locations: 170 Avenue F, Printful
Variants: 12",,"{""type"": ""inventory"", ""variant_count"": 12, ""location_count"": 2}"
inventory,Earthy Kimono,"Inventory for: Earthy Kimono
Total available: 600 units
Total on hand: 600 units
Locations: 170 Avenue F, Printful
Variants: 12",,"{""type"": ""inventory"", ""variant_count"": 12, ""location_count"": 2}"
inventory,Earthy Shade,"Inventory for: Earthy Shade
Total available: 600 units
Total on hand: 600 units
Locations: 170 Avenue F, Printful
Variants: 12",,"{""type"": ""inventory"", ""variant_count"": 12, ""location_count"": 2}"
inventory,Earthy Weave,"Inventory for: Earthy Weave
Total available: 600 units
Total on hand: 600 units
Locations: 170 Avenue F, Printful
Variants: 12",,"{""type"": ""inventory"", ""variant_count"": 12, ""location_count"": 2}"
inventory,Emerald Shade,"Inventory for: Emerald Shade
Total available: 600 units
Total on hand: 600 units
Locations: 170 Avenue F, Printful
Variants: 12",,"{""type"": ""inventory"", ""variant_count"": 12, ""location_count"": 2}"
inventory,Festive Patterns No1,"Inventory for: Festive Patterns No1
Total available: 600 units
Total on hand: 600 units
Locations: 170 Avenue F, Printful
Variants: 12",,"{""type"": ""inventory"", ""variant_count"": 12, ""location_count"": 2}"
inventory,Festive Patterns No2,"Inventory for: Festive Patterns No2
Total available: 600 units
Total on hand: 600 units
Locations: 170 Avenue F, Printful
Variants: 12",,"{""type"": ""inventory"", ""variant_count"": 12, ""location_count"": 2}"
inventory,Festive Patterns No3,"Inventory for: Festive Patterns No3
Total available: 600 units
Total on hand: 600 units
Locations: 170 Avenue F, Printful
Variants: 12",,"{""type"": ""inventory"", ""variant_count"": 12, ""location_count"": 2}"
inventory,Fractal Color Dark,"Inventory for: Fractal Color Dark
Total available: 600 units
Total on hand: 600 units
Locations: 170 Avenue F, Printful
Variants: 12",,"{""type"": ""inventory"", ""variant_count"": 12, ""location_count"": 2}"
inventory,Fractal Color Dark Double,"Inventory for: Fractal Color Dark Double
Total available: 600 units
Total on hand: 600 units
Locations: 170 Avenue F, Printful
Variants: 12",,"{""type"": ""inventory"", ""variant_count"": 12, ""location_count"": 2}"
inventory,Fractal Color Light,"Inventory for: Fractal Color Light
Total available: 600 units
Total on hand: 600 units
Locations: 170 Avenue F, Printful
Variants: 12",,"{""type"": ""inventory"", ""variant_count"": 12, ""location_count"": 2}"
inventory,Fractal Color Red,"Inventory for: Fractal Color Red
Total available: 600 units
Total on hand: 600 units
Locations: 170 Avenue F, Printful
Variants: 12",,"{""type"": ""inventory"", ""variant_count"": 12, ""location_count"": 2}"
inventory,Fractal Double Red,"Inventory for: Fractal Double Red
Total available: 600 units
Total on hand: 600 units
Locations: 170 Avenue F, Printful
Variants: 12",,"{""type"": ""inventory"", ""variant_count"": 12, ""location_count"": 2}"
inventory,Fractal Noir,"Inventory for: Fractal Noir
Total available: 600 units
Total on hand: 600 units
Locations: 170 Avenue F, Printful
Variants: 12",,"{""type"": ""inventory"", ""variant_count"": 12, ""location_count"": 2}"
inventory,Fractal Noir Double,"Inventory for: Fractal Noir Double
Total available: 600 units
Total on hand: 600 units
Locations: 170 Avenue F, Printful
Variants: 12",,"{""type"": ""inventory"", ""variant_count"": 12, ""location_count"": 2}"
inventory,Intersecting Perspectives No2,"Inventory for: Intersecting Perspectives No2
Total available: 600 units
Total on hand: 600 units
Locations: 170 Avenue F, Printful
Variants: 12",,"{""type"": ""inventory"", ""variant_count"": 12, ""location_count"": 2}"
inventory,Intersecting Perspectives No3,"Inventory for: Intersecting Perspectives No3
Total available: 600 units
Total on hand: 600 units
Locations: 170 Avenue F, Printful
Variants: 12",,"{""type"": ""inventory"", ""variant_count"": 12, ""location_count"": 2}"
inventory,Monochrome Kimono,"Inventory for: Monochrome Kimono
Total available: 600 units
Total on hand: 600 units
Locations: 170 Avenue F, Printful
Variants: 12",,"{""type"": ""inventory"", ""variant_count"": 12, ""location_count"": 2}"
inventory,Noir Mosaic No1,"Inventory for: Noir Mosaic No1
Total available: 600 units
Total on hand: 600 units
Locations: 170 Avenue F, Printful
Variants: 12",,"{""type"": ""inventory"", ""variant_count"": 12, ""location_count"": 2}"
inventory,Noir Mosaic No2,"Inventory for: Noir Mosaic No2
Total available: 600 units
Total on hand: 600 units
Locations: 170 Avenue F, Printful
Variants: 12",,"{""type"": ""inventory"", ""variant_count"": 12, ""location_count"": 2}"
inventory,Noir Mosaic No3,"Inventory for: Noir Mosaic No3
Total available: 600 units
Total on hand: 600 units
Locations: 170 Avenue F, Printful
Variants: 12",,"{""type"": ""inventory"", ""variant_count"": 12, ""location_count"": 2}"
inventory,Noir Shade,"Inventory for: Noir Shade
Total available: 600 units
Total on hand: 600 units
Locations: 170 Avenue F, Printful
Variants: 12",,"{""type"": ""inventory"", ""variant_count"": 12, ""location_count"": 2}"
inventory,Noir Structures,"Inventory for: Noir Structures
Total available: 600 units
Total on hand: 600 units
Locations: 170 Avenue F, Printful
Variants: 12",,"{""type"": ""inventory"", ""variant_count"": 12, ""location_count"": 2}"
inventory,Noir Weave,"Inventory for: Noir Weave
Total available: 600 units
Total on hand: 600 units
Locations: 170 Avenue F, Printful
Variants: 12",,"{""type"": ""inventory"", ""variant_count"": 12, ""location_count"": 2}"
inventory,Olive Weave,"Inventory for: Olive Weave
Total available: 600 units
Total on hand: 600 units
Locations: 170 Avenue F, Printful
Variants: 12",,"{""type"": ""inventory"", ""variant_count"": 12, ""location_count"": 2}"
inventory,Parallelogram Illusion No1,"Inventory for: Parallelogram Illusion No1
Total available: 600 units
Total on hand: 600 units
Locations: 170 Avenue F, Printful
Variants: 12",,"{""type"": ""inventory"", ""variant_count"": 12, ""location_count"": 2}"
inventory,Parallelogram Illusion No2,"Inventory for: Parallelogram Illusion No2
Total available: 600 units
Total on hand: 600 units
Locations: 170 Avenue F, Printful
Variants: 12",,"{""type"": ""inventory"", ""variant_count"": 12, ""location_count"": 2}"
inventory,Pink Weave,"Inventory for: Pink Weave
Total available: 600 units
Total on hand: 600 units
Locations: 170 Avenue F, Printful
Variants: 12",,"{""type"": ""inventory"", ""variant_count"": 12, ""location_count"": 2}"
inventory,Primary Hue,"Inventory for: Primary Hue
Total available: 600 units
Total on hand: 600 units
Locations: 170 Avenue F, Printful
Variants: 12",,"{""type"": ""inventory"", ""variant_count"": 12, ""location_count"": 2}"
inventory,Prismatic Warmth,"Inventory for: Prismatic Warmth
Total available: 600 units
Total on hand: 600 units
Locations: 170 Avenue F, Printful
Variants: 12",,"{""type"": ""inventory"", ""variant_count"": 12, ""location_count"": 2}"
inventory,Purple Shade,"Inventory for: Purple Shade
Total available: 600 units
Total on hand: 600 units
Locations: 170 Avenue F, Printful
Variants: 12",,"{""type"": ""inventory"", ""variant_count"": 12, ""location_count"": 2}"
inventory,Red Kimono,"Inventory for: Red Kimono
Total available: 600 units
Total on hand: 600 units
Locations: 170 Avenue F, Printful
Variants: 12",,"{""type"": ""inventory"", ""variant_count"": 12, ""location_count"": 2}"
inventory,Royal Kimono,"Inventory for: Royal Kimono
Total available: 600 units
Total on hand: 600 units
Locations: 170 Avenue F, Printful
Variants: 12",,"{""type"": ""inventory"", ""variant_count"": 12, ""location_count"": 2}"
inventory,Royal Shade,"Inventory for: Royal Shade
Total available: 600 units
Total on hand: 600 units
Locations: 170 Avenue F, Printful
Variants: 12",,"{""type"": ""inventory"", ""variant_count"": 12, ""location_count"": 2}"
inventory,Rusty Shade,"Inventory for: Rusty Shade
Total available: 600 units
Total on hand: 600 units
Locations: 170 Avenue F, Printful
Variants: 12",,"{""type"": ""inventory"", ""variant_count"": 12, ""location_count"": 2}"
inventory,Space Form No1,"Inventory for: Space Form No1
Total available: 600 units
Total on hand: 600 units
Locations: 170 Avenue F, Printful
Variants: 12",,"{""type"": ""inventory"", ""variant_count"": 12, ""location_count"": 2}"
inventory,Space Form No2,"Inventory for: Space Form No2
Total available: 600 units
Total on hand: 600 units
Locations: 170 Avenue F, Printful
Variants: 12",,"{""type"": ""inventory"", ""variant_count"": 12, ""location_count"": 2}"
inventory,Space Form No3,"Inventory for: Space Form No3
Total available: 600 units
Total on hand: 600 units
Locations: 170 Avenue F, Printful
Variants: 12",,"{""type"": ""inventory"", ""variant_count"": 12, ""location_count"": 2}"
inventory,Structured Noir No1,"Inventory for: Structured Noir No1
Total available: 600 units
Total on hand: 600 units
Locations: 170 Avenue F, Printful
Variants: 12",,"{""type"": ""inventory"", ""variant_count"": 12, ""location_count"": 2}"
inventory,Structured Noir No2,"Inventory for: Structured Noir No2
Total available: 600 units
Total on hand: 600 units
Locations: 170 Avenue F, Printful
Variants: 12",,"{""type"": ""inventory"", ""variant_count"": 12, ""location_count"": 2}"
inventory,Teal Earth,"Inventory for: Teal Earth
Total available: 600 units
Total on hand: 600 units
Locations: 170 Avenue F, Printful
Variants: 12",,"{""type"": ""inventory"", ""variant_count"": 12, ""location_count"": 2}"
inventory,Teal Kimono,"Inventory for: Teal Kimono
Total available: 600 units
Total on hand: 600 units
Locations: 170 Avenue F, Printful
Variants: 12",,"{""type"": ""inventory"", ""variant_count"": 12, ""location_count"": 2}"
inventory,Textured Noir No1,"Inventory for: Textured Noir No1
Total available: 600 units
Total on hand: 600 units
Locations: 170 Avenue F, Printful
Variants: 12",,"{""type"": ""inventory"", ""variant_count"": 12, ""location_count"": 2}"
inventory,Textured Royal No1,"Inventory for: Textured Royal No1
Total available: 600 units
Total on hand: 600 units
Locations: 170 Avenue F, Printful
Variants: 12",,"{""type"": ""inventory"", ""variant_count"": 12, ""location_count"": 2}"
inventory,Untiled N011,"Inventory for: Untiled N011
Total available: 600 units
Total on hand: 600 units
Locations: 170 Avenue F, Printful
Variants: 12",,"{""type"": ""inventory"", ""variant_count"": 12, ""location_count"": 2}"
inventory,Verdant Layers,"Inventory for: Verdant Layers
Total available: 600 units
Total on hand: 600 units
Locations: 170 Avenue F, Printful
Variants: 12",,"{""type"": ""inventory"", ""variant_count"": 12, ""location_count"": 2}"
inventory,Vista Echoes,"Inventory for: Vista Echoes
Total available: 600 units
Total on hand: 600 units
Locations: 170 Avenue F, Printful
Variants: 12",,"{""type"": ""inventory"", ""variant_count"": 12, ""location_count"": 2}"
inventory,Vivid Mosaic No1,"Inventory for: Vivid Mosaic No1
Total available: 600 units
Total on hand: 600 units
Locations: 170 Avenue F, Printful
Variants: 12",,"{""type"": ""inventory"", ""variant_count"": 12, ""location_count"": 2}"
inventory,Vivid Mosaic No2,"Inventory for: Vivid Mosaic No2
Total available: 600 units
Total on hand: 600 units
Locations: 170 Avenue F, Printful
Variants: 12",,"{""type"": ""inventory"", ""variant_count"": 12, ""location_count"": 2}"
inventory,Vivid Mosaic No3,"Inventory for: Vivid Mosaic No3
Total available: 600 units
Total on hand: 600 units
Locations: 170 Avenue F, Printful
Variants: 12",,"{""type"": ""inventory"", ""variant_count"": 12, ""location_count"": 2}"
inventory,Vivid Mosaic No5,"Inventory for: Vivid Mosaic No5
Total available: 600 units
Total on hand: 600 units
Locations: 170 Avenue F, Printful
Variants: 12",,"{""type"": ""inventory"", ""variant_count"": 12, ""location_count"": 2}"
inventory,Vivid Mosaic No6,"Inventory for: Vivid Mosaic No6
Total available: 600 units
Total on hand: 600 units
Locations: 170 Avenue F, Printful
Variants: 12",,"{""type"": ""inventory"", ""variant_count"": 12, ""location_count"": 2}"
inventory,Vivid Mosaic No7,"Inventory for: Vivid Mosaic No7
Total available: 600 units
Total on hand: 600 units
Locations: 170 Avenue F, Printful
Variants: 12",,"{""type"": ""inventory"", ""variant_count"": 12, ""location_count"": 2}"
