Question,Answer,Date,Tag
What types of abstract art collections are available at Vivid Walls?,"Vivid Walls offers a diverse range of abstract art collections, including Geometric Intersection, Geometric Symmetry, Chromatic Echoes, Shape Emergence, Fractal Color, Mosaics, Vivid Layers, and Intersecting Spaces.",2025-02-22,"Abstract art, Collections"
Can I customize the size of an artwork?,"Yes, we offer customization options for artwork sizes to fit your specific space requirements. Please contact our support team for more details.",2025-02-22,"Customization, Sizing"
What materials are used in your artworks?,Our artworks are created using high-quality canvases and premium inks to ensure vibrant colors and longevity.,2025-02-22,"Materials, Quality"
Do you offer framing options?,"Yes, we provide various framing options, including different colors and styles, to complement your chosen artwork.",2025-02-22,"Framing, Customization"
What is the price range of your artworks?,"Our artworks start from $400 USD, with prices varying based on size and framing options.",2025-02-22,"Pricing, Products"
How can I place an order?,You can place an order directly through our website by selecting your desired artwork and following the checkout process.,2025-02-22,"Ordering, Online purchase"
What payment methods do you accept?,"We accept various payment methods, including American Express, Apple Pay, Diners Club, Discover, Meta Pay, Google Pay, Mastercard, PayPal, Shop Pay, Venmo, and Visa.",2025-02-22,"Payment, Transactions"
Do you ship internationally?,"Yes, we offer international shipping to various countries. Shipping costs and delivery times may vary based on location.",2025-02-22,"Shipping, International"
How long does delivery take?,"Delivery times vary depending on your location and the chosen shipping method. Typically, orders are processed within 5-7 business days.",2025-02-22,"Shipping, Delivery times"
Is there a shipping policy I can review?,"Yes, you can review our detailed shipping policy on our website under the 'Shipping Policy' section.",2025-02-22,"Shipping, Policies"
Can I track my order?,"Yes, once your order is shipped, you will receive a tracking number via email to monitor your shipment.",2025-02-22,"Shipping, Order tracking"
What if my artwork arrives damaged?,"If your artwork arrives damaged, please contact our customer service within 7 days of delivery for assistance with a replacement or refund.",2025-02-22,"Customer service, Returns"
Do you offer returns or exchanges?,"Yes, we have a return and exchange policy. Please refer to our 'Refund Policy' on the website for detailed information.",2025-02-22,"Returns, Exchanges"
Can I request a custom artwork?,"Yes, we accept custom artwork requests. Please reach out to our artist through the 'Contact' page to discuss your vision.",2025-02-22,"Customization, Commission"
Who is the artist behind Vivid Walls?,Our artworks are created by a talented artist dedicated to producing unique abstract pieces. More information is available on the 'Artist' page.,2025-02-22,"Artist, About Us"
What is the inspiration behind the artworks?,"Our pieces are inspired by geometric abstraction, color theory, and emotional expression, blending modern design with timeless artistic principles.",2025-02-22,"Inspiration, Abstract art"
Do you offer bulk pricing for businesses?,"Yes, we offer special pricing for bulk purchases. Please contact us for wholesale inquiries.",2025-02-22,"Wholesale, Business"
What types of businesses benefit from Vivid Walls art?,"Our artworks are ideal for offices, restaurants, hotels, and residential spaces looking to enhance their ambiance with high-quality abstract pieces.",2025-02-22,"Office decor, Hospitality, Home decoration"
How do I choose the right artwork for my space?,"Consider your spaceâ€™s color palette, lighting, and intended atmosphere. We also offer consultation services to help you select the perfect piece.",2025-02-22,"Interior design, Art selection"
Can I get a digital preview before purchasing?,"Yes, we offer digital previews to help visualize how an artwork will look in your space. Contact us for details.",2025-02-22,"Preview, Customization"